[
  {
    "condition": "minecraft:entity_properties",
    "entity": "this",
    "predicate": {
      "equipment": {
        "mainhand": {
          "items": [
            "minecraft:netherite_sword"
          ]
        }
      }
    }
  },
  {
    "condition": "minecraft:any_of",
    "terms": [
      {
        "condition": "minecraft:entity_properties",
        "entity": "this",
        "predicate": {
          "equipment": {
            "mainhand": {
              "components": {
                "custom_data":
                {
              "EndExcalibur":1
                }
              }
            }
          }
        }
      },
      {
        "condition": "minecraft:entity_properties",
        "entity": "this",
        "predicate": {
          "equipment": {
            "mainhand": {
              "components": {
                "custom_data":
                {
              "SpellboundMoonlightEdge":1
                }
              }
            }
          }
        }
      },
      {
        "condition": "minecraft:entity_properties",
        "entity": "this",
        "predicate": {
          "equipment": {
            "mainhand": {
              "components": {
                "custom_data":
                {
              "SpellboundCrucible":1
                }
              }
            }
          }
        }
      },
      {
        "condition": "minecraft:entity_properties",
        "entity": "this",
        "predicate": {
          "equipment": {
            "mainhand": {
              "components": {
                "custom_data":
                {
              "SpellboundWithering":1
                }
              }
            }
          }
        }
      },
      {
        "condition": "minecraft:entity_properties",
        "entity": "this",
        "predicate": {
          "equipment": {
            "mainhand": {
              "components": {
                "custom_data":
                {
              "SpellboundWindsweptSword":1
                }
              }
            }
          }
        }
      }
    ]
  }
]
