{
  "condition": "minecraft:all_of",
  "terms": [
    {
      "condition": "minecraft:entity_properties",
      "entity": "this",
      "predicate": {
        "equipment": {
          "mainhand": {
            "predicates": {
              "custom_data": {
                "SpellboundBoneWand": 1
              }
            }
          }
        }
      }
    },
    {
      "condition": "minecraft:entity_properties",
      "entity": "this",
      "predicate": {
        "equipment": {
          "offhand": {
            "predicates": {
              "custom_data": {
                "SpellboundBoneWand": 1
              }
            }
          }
        }
      }
    }
  ]
}