{
    "type": "minecraft:crafting_shaped",
    "category": "equipment",
    "pattern": [
      "#g#",
      "#b#",
      "#2#"
    ],
    "key": {
      "2": "minecraft:netherite_ingot",

      "#": "minecraft:fire_charge",

      "b": "minecraft:bow",

      "g": "minecraft:gold_block"
    },
    "result": {
      "id": "minecraft:bow",
      "components": {

                  "custom_model_data": {"floats":[47040]},
                  "damage_resistant": {
                    "types": "#is_fire"
                  },

                  "custom_data": {
                    "SpellboundItem": 1,
                    "SpellboundMagmusCharger": 1
                  },
                
                
 "item_name": {"translate":"Magmus Charger","color":"#e34627","italic":false},

                  "lore": [ [ {"translate":"Grindstone Repair: ","color":"gray","italic": false}],[{"translate":"  ","color":"gray","italic": false},{"color":"blue","italic": false,"translate":"item.minecraft.bow"}],{"translate":"Spellbound Weapons","color":"#676e75","italic": true}]
                  

                 
                }
    }
  }
  