{
  "type": "minecraft:crafting_shaped",
  "category": "equipment",
  "pattern": [
    "#g#",
    "KbK",
    "222"
  ],
  "key": {
    "2": "minecraft:copper_block",
    "#": "minecraft:moss_block",
    "b": "minecraft:iron_sword",
    "K": "minecraft:diamond",
    "g": "minecraft:spore_blossom"
    
  },
  "result": {
    "id": "minecraft:diamond_sword",
   "components": {

                  "custom_model_data": {"floats":[47050]},

                  "custom_data": {
                    "SpellboundItem": 1,
                    "SpellboundThornBlossom": 1
                  },
                  
                  "minecraft:attribute_modifiers":
                  
                  [
                    {
                      
                      "display": {
                        "type": "default"
                      },
                      "type": "minecraft:attack_damage",
                      "amount": 6.0,
                      "operation": "add_value",
                      "id": "base_attack_damage",
                      "slot": "mainhand"
                    }
                  ,
                    {
                      "display": {
                        "type": "default"
                      },
                      "type": "minecraft:attack_speed",
                      "amount": -2.5,
                      "operation": "add_value",
                      "id": "base_attack_speed",
                      "slot": "mainhand"
                    }
                  ],
                
 "item_name": {"translate":"Thorn Blossom","color":"#6fc959","italic":false},

                  "lore": [ [ {"translate":"Grindstone Repair: ","color":"gray","italic": false}],[{"translate":"  ","color":"gray","italic": false},{"color":"blue","italic": false,"translate":"item.minecraft.diamond_sword"}],{"translate":"Spellbound Weapons","color":"#676e75","italic": true}]
                  

                 
                }
  }
}