{
  "type": "minecraft:crafting_shaped",
  "category": "equipment",
  "pattern": [
    "#g#",
    "KbK",
    "#2#"
  ],
  "key": {
    "2": "minecraft:emerald_block",
    "#": "minecraft:feather",
    "b": "minecraft:iron_sword",
    "K": "minecraft:diamond",
    "g": "minecraft:sandstone"
    
  },
  "result": {
    "id": "minecraft:diamond_sword",
    "components": {
      "custom_model_data": {"floats":[47014]},
      "custom_data": {
        "SpellboundItem": 1,
        "SpellboundWindsweptSword": 1
      },
      
      "max_damage": 1600,
      
      "attribute_modifiers":[
          {
            "display": {
              "type": "default"
            },
            "type": "minecraft:attack_damage",
            "amount": 5.5,
            "operation": "add_value",
            "id": "base_attack_damage",
            "slot": "mainhand"
          }
        ,
          {
            "display": {
              "type": "default"
            },
            "type": "minecraft:attack_speed",
            "amount": -2.4,
            "operation": "add_value",
            "id": "base_attack_speed",
            "slot": "mainhand"
          }
        ]
      ,
      "item_name": {"translate":"Windsweeper","color":"#e1e8a5","italic":false},
      "lore": [
        [ {"translate":"Grindstone Repair: ","color":"gray","italic": false}],[{"translate":"  ","color":"gray","italic": false},{"color":"blue","italic": false,"translate":"item.minecraft.diamond_sword"}],{"translate":"Spellbound Weapons","color":"#676e75","italic": true}
      ]
    }
  }
}