{
  "pools": [
    {
      "rolls": 1,
      "entries": [
        {
          "type": "minecraft:item",
          "name": "minecraft:iron_sword",
          "functions": [
            {
              "function": "minecraft:set_components",
              "components": {

                "custom_model_data": {"floats": [47999]},
                "unbreakable": {},

                "custom_data": {
                  "SpellboundItem": 1,
                  "SpellboundDelete": 1
                },
                
                "max_damage": 600,
              
              
"item_name": {"translate":"Delete","color":"#ff0015","italic":false,"obfuscated":true},
"custom_name": {"translate":"Delete","color":"#ff0015","italic":false,"obfuscated":true},

                "lore": [ [{"translate":"When in Mainhand: ","color":"gray","italic": false}],[{"translate":"  ","color":"gray","italic": false},{"color":"dark_green","italic": false,"translate":"-�99999e+23? Attack Damage"}],{"translate":"Spellbound Weapons","color":"#676e75","italic": true}]
                

               
              }
            }
          ]
        }
      ]
    }
  ]
}
