{
    "pools": [
      {
        "rolls": 1,
        "entries": [
          {
            "type": "minecraft:item",
            "name": "minecraft:fishing_rod",
            "functions": [
              {
                "function": "minecraft:set_components",
                "components": {

                  "custom_model_data": {
                                  "floats": [47019]},

                  "custom_data": {
                    "SpellboundItem": 1,
                    "SpellboundBoneWand": 1
                  },
                  "max_damage": 250,
                
                
 "item_name": {"translate":"Bone Wand","color":"#dbecff","italic":false},
 "custom_name": {"translate":"Bone Wand","color":"#dbecff","italic":false},

                  "lore": [ [{"translate":"Grindstone Repair: ","color":"gray","italic": false}],[{"translate":"  ","color":"gray","italic": false},{"color":"blue","italic": false,"translate":"item.minecraft.fishing_rod"}],{"translate":"Spellbound Weapons","color":"#676e75","italic": true}]
                  

                 
                }
              }
            ]
          }
        ]
      }
    ]
  }
  