{
    "pools": [
      {
        "rolls": 1,
        "entries": [
          {
            "type": "minecraft:item",
            "name": "minecraft:iron_sword",
            "functions": [
              {
                "function": "minecraft:set_components",
                "components": {

                  "custom_model_data": {
                                  "floats": [47020]},

                  "custom_data": {
                    "SpellboundItem": 1,
                    "SpellboundEvokersWrath": 1
                  },
                  
                  "max_damage": 600,
                
                
 "item_name": {"translate":"Evokers Wrath","color":"#cbcfa9","italic":false},
 "custom_name": {"translate":"Evokers Wrath","color":"#cbcfa9","italic":false},

                  "lore": [ [{"translate":"Grindstone Repair: ","color":"gray","italic": false}],[{"translate":"  ","color":"gray","italic": false},{"color":"blue","italic": false,"translate":"item.minecraft.iron_sword"}],{"translate":"Spellbound Weapons","color":"#676e75","italic": true}]
                
                 
                }
              }
            ]
          }
        ]
      }
    ]
  }
  