{
    "pools": [
      {
        "rolls": 1,
        "entries": [
          {
            "type": "minecraft:item",
            "name": "minecraft:diamond_sword",
            "functions": [
              {
                "function": "minecraft:set_components",
                "components": {

                  "custom_model_data": {
                                  "floats": [47046]},

                  "custom_data": {
                    "SpellboundItem": 1,
                    "SpellboundMoonlightEdge": 1
                  },
                  "enchantment_glint_override": true,
                
                
 "item_name": {"translate":"Moonlight Edge","color":"#9d64ed","italic":false},

                  "lore": [ [{"translate":"Grindstone Repair: ","color":"gray","italic": false}],[{"translate":"  ","color":"gray","italic": false},{"color":"blue","italic": false,"translate":"item.minecraft.diamond_sword"}],{"translate":"Spellbound Weapons","color":"#676e75","italic": true}]
                  

                 
                }
              }
            ]
          }
        ]
      }
    ]
  }
  