{
    "criteria": {
      "requirement": {
        "trigger": "minecraft:player_generates_container_loot",
        "conditions": {
          "player":
          [{
            "condition": "reference",
            "name":"spellbound_weapons:weapons_achieveable" 
          }],
          "loot_table": "minecraft:chests/bastion_treasure"
        }
      }
    },
    "rewards": {
      "function": "spellbound_weapons:chest_insert/raycast/bastion"
    },
    "parent": "spellbound_weapons:chest/bastion_other"
  }
  