{
    "criteria": {
      "requirement": {
        "trigger": "minecraft:player_generates_container_loot",
        "conditions": {
          "player":
          [{
            "condition": "reference",
            "name":"spellbound_weapons:weapons_achieveable" 
          }],
          "loot_table": "minecraft:chests/village/village_weaponsmith"
        }
      }
    },
    "rewards": {
      "function": "spellbound_weapons:chest_insert/raycast/village_weaponsmith"
    }
  }
  