{
    "condition": "minecraft:any_of",
    "terms": [
      {
        "condition": "minecraft:entity_properties",
        "entity": "this",
        "predicate": {
          "type_specific": {
            "type": "player",
            "gamemode": ["creative"]
          }
        }
      },
      {
        "condition": "minecraft:entity_properties",
        "entity": "this",
        "predicate": {
          "type_specific": {
            "type": "player",
            "gamemode": ["spectator"]
          }
        }
      }
    ]
  }