{
    "pools": [
      {
        "rolls": 1,
        "entries": [
          {
            "type": "minecraft:item",
            "name": "minecraft:bow",
            "functions": [
              {
                "function": "minecraft:set_components",
                "components": {

                  "custom_model_data": {
                                  "floats": [47032]},
                  "max_damage": 60,

                  "custom_data": {
                    "SpellboundItem": 1,
                    "SpellboundBlowgun": 1
                  },
                  
                
                
 "item_name": {"translate":"Blowgun","color":"#b4d9ab","italic":false},
 "custom_name": {"translate":"Blowgun","color":"#b4d9ab","italic":false},

                  "lore": [ [{"translate":"Grindstone Repair: ","color":"gray","italic": false}],[{"translate":"  ","color":"gray","italic": false},{"color":"blue","italic": false,"translate":"item.minecraft.bow"}],{"translate":"Spellbound Weapons","color":"#676e75","italic": true}]
                  

                 
                }
              }
            ]
          }
        ]
      }
    ]
  }
  