{
    "pools": [
      {
        "rolls": 1,
        "entries": [
          {
            "type": "minecraft:item",
            "name": "minecraft:bow",
            "functions": [
              {
                "function": "minecraft:set_components",
                "components": {

                  "custom_model_data": {
                                  "floats": [47040]},
                  "damage_resistant": {
                    "types": "#is_fire"
                  },

                  "custom_data": {
                    "SpellboundItem": 1,
                    "SpellboundMagmusCharger": 1
                  },
                
                
 "item_name": {"translate":"Magmus Charger","color":"#e34627","italic":false},
 "custom_name": {"translate":"Magmus Charger","color":"#e34627","italic":false},

                  "lore": [ [{"translate":"Grindstone Repair: ","color":"gray","italic": false}],[{"translate":"  ","color":"gray","italic": false},{"color":"blue","italic": false,"translate":"item.minecraft.bow"}],{"translate":"Spellbound Weapons","color":"#676e75","italic": true}]
                  

                 
                }
              }
            ]
          }
        ]
      }
    ]
  }
  